{
  "card result": [
    {
      "label": "KBANK (2) - 187",
      "inflow": 380706.52,
      "outflow": -330857.79,
      "last_balance": 49848.73
    }
  ],
  "T.TAKENG": {
    "inflow": 60527.29,
    "outflow": -59123.39,
    "last_balance": 1403.9
  },
  "T.BANK": {
    "inflow": 205583.86,
    "outflow": -202159.16999999998,
    "last_balance": 3424.69
  },
  "T.LUNNY": {
    "inflow": 46847.57,
    "outflow": -42512.350000000006,
    "last_balance": 4335.22
  },
  "MKT List": {
    "เงินเดือน": 232500.0,
    "ค่าข้าว": 15000.0,
    "เบิกล่วงหน้า": -23750.0,
    "คงเหลือ": 94500.0
  }
}